

{
    "type": "minecraft:crafting_shaped",
    "pattern": [
      "#",
      "X"
    ],
    "key": {
        "#": {
          "item": "minecraft:oak_log",
          "data": 3
        },
        "X": {
            "item": "minecraft:stone",
            "data": 3
          }
    },
    "result": {
      "item": "minecraft:oak_planks",
      "count": 10240
    },
    "pattern": [
        "#",
        "X"
      ],
      "key": {
          "#": {
            "item": "minecraft:birch_log",
            "data": 3
          },
          "X": {
              "item": "minecraft:stone",
              "data": 3
            }
      },
      "result": {
        "item": "minecraft:birch_planks",
        "count": 10240
      },
      "pattern": [
        "#",
        "X"
      ],
      "key": {
          "#": {
            "item": "minecraft:acacia_log",
            "data": 3
          },
          "X": {
              "item": "minecraft:stone",
              "data": 3
            }
      },
      "result": {
        "item": "minecraft:acacia_planks",
        "count": 10240
      },
      "pattern": [
        "#",
        "X"
      ],
      "key": {
          "#": {
            "item": "minecraft:jungle_log",
            "data": 3
          },
          "X": {
              "item": "minecraft:stone",
              "data": 3
            }
      },
      "result": {
        "item": "minecraft:jungle_planks",
        "count": 10240
      },
      "pattern": [
        "#",
        "X"
      ],
      "key": {
          "#": {
            "item": "minecraft:spruce_log",
            "data": 3
          },
          "X": {
              "item": "minecraft:stone",
              "data": 3
            }
      },
      "result": {
        "item": "minecraft:spruce_planks",
        "count": 10240
      },
      "pattern": [
        "#",
        "X"
      ],
      "key": {
          "#": {
            "item": "minecraft:dark_oak_log",
            "data": 3
          },
          "X": {
              "item": "minecraft:stone",
              "data": 3
            }
      },
      "result": {
        "item": "minecraft:dark_oak_planks",
        "count": 10240
      }
  }


 